{"pmtalc": {"vprod": 0.10656278805630917, "vCarbonSources": -0.332925, "yield": 0.22670495292753878, "misc": {"yield on minimal media at 1.0% exp. growth": 0.081686601371844, "yield on minimal media at 0.0% exp. growth": 0.082161153928409}}, "polyhb": {"vprod": 14.808932885466008, "vCarbonSources": -13.21, "yield": 0.6415505504160443, "misc": {}}, "lac__L": {"vprod": 23.870573224058916, "vCarbonSources": -13.21, "yield": 0.8933934257006395, "misc": {"yield on minimal media at 1.0% exp. growth": "UNDF"}}, "3hpp": {"vprod": 0.0, "vCarbonSources": -13.21, "yield": 0.0}, "tal": {"vprod": 0.00787992238167795, "vCarbonSources": -0.078476895921783, "yield": 0.07450530731003098}, "muco": {"vprod": 10.445891655384935, "vCarbonSources": -13.21, "yield": 0.6148952016851926, "misc": {}}, "rsvtol": {"vprod": 4.097355662836797, "vCarbonSources": -13.21, "yield": 0.3929559544844425, "misc": {}}, "sesqt": {"vprod": 3.014736625472573, "vCarbonSources": -13.21, "yield": 0.31200549348689405, "misc": {"yield on minimal media at 1.0% exp. growth": 0.312391140419466, "yield on minimal media at 0.0% exp. growth": 0.343795396662668}}, "skm": {"vprod": 9.735817291384267, "vCarbonSources": -13.21, "yield": 0.7124335212344818, "misc": {"yield on minimal media at 1.0% exp. growth": 0.716489904389391, "yield on minimal media at 0.0% exp. growth": 0.784875933663909}}, "tag": {"vprod": 0.12242826594662326, "vCarbonSources": -2.20113372715757, "yield": 0.2544908242699767, "misc": {}}, "2phetoh": {"vprod": 6.9153377076676295, "vCarbonSources": -13.21, "yield": 0.35496936147166763, "misc": {}}, "hdca": {"vprod": 2.8074937210362303, "vCarbonSources": -13.21, "yield": 0.30247206146366706}, "cou": {"vprod": 7.111086512283284, "vCarbonSources": -13.21, "yield": 0.48749648886139785, "misc": {"yield on minimal media at 1.0% exp. growth": "0.483439151750925", "yield on minimal media at 0.0% exp. growth": "0.536150258611383"}}, "citm": {"vprod": 14.74860417057921, "vCarbonSources": -13.21, "yield": 0.9054189663270982, "misc": {}}, "arte": {"vprod": 2.8333622268669214, "vCarbonSources": -13.21, "yield": 0.2789834522174842, "misc": {"yield on minimal media at 1.0% exp. growth": 0.0, "yield on minimal media at 0.0% exp. growth": 0.265237639015778}}, "3hppa": {"vprod": 20.74374337859229, "vCarbonSources": -13.21, "yield": 0.7851704750758584, "misc": {"yield on minimal media at 1.0% exp. growth": 0.789631292651871, "yield on minimal media at 0.0% exp. growth": 0.865192159848312}}, "ibutoh": {"vprod": 12.32266128530323, "vCarbonSources": -13.21, "yield": 0.38378533308254364}, "btd": {"vprod": 13.244829197361216, "vCarbonSources": -13.21, "yield": 0.5015520350300632, "misc": {"yield on minimal media at 1.0% exp. growth": -3.119521151628226, "yield on minimal media at 0.0% exp. growth": 0.53871260292362}}, "btoh": {"vprod": 11.228031335184122, "vCarbonSources": -13.21, "yield": 0.3496934344023753, "misc": {}}, "retcln": {"vprod": 2.690950747465262, "vCarbonSources": -13.21, "yield": 0.3724584190442542, "misc": {"yield on minimal media at 1.0% exp. growth": 0.37465353870278, "yield on minimal media at 0.0% exp. growth": 0.409202151240677}}, "stalc": {"vprod": 0.09466549891816578, "vCarbonSources": -0.332925, "yield": 0.22470366502813513, "misc": {}}, "nrgn": {"vprod": 4.097355662836787, "vCarbonSources": -13.21, "yield": 0.46872703561334206, "misc": {"yield on minimal media at 1.0% exp. growth": 0.0, "yield on minimal media at 0.0% exp. growth": 0.510742777922693}}, "hxdcol": {"vprod": 2.7142021332136084, "vCarbonSources": -13.21, "yield": 0.2764998592507182, "misc": {}}, "styr": {"vprod": 6.8571191368446005, "vCarbonSources": -13.21, "yield": 0.3000885472402029, "misc": {"yield on minimal media at 1.0% exp. growth": "0.301857148070959", "yield on minimal media at 0.0% exp. growth": "0.329692853791523"}}, "13ppd": {"vprod": 17.750204996025538, "vCarbonSources": -13.21, "yield": 0.5675176971898067, "misc": {"yield on minimal media at 1.0% exp. growth": 0.0, "yield on minimal media at 0.0% exp. growth": 0.61800943711478}}, "odealc": {"vprod": 0.09331826696012724, "vCarbonSources": -0.332925, "yield": 0.2198680442374137, "misc": {"yield on minimal media at 1.0% exp. growth": -0.485964607335669, "yield on minimal media at 0.0% exp. growth": 0.167899140012621}}, "3hppb": {"vprod": 21.389648502006253, "vCarbonSources": -13.21, "yield": 0.8096186001489949, "misc": {"yield on minimal media at 1.0% exp. growth": 0.815270971035215, "yield on minimal media at 0.0% exp. growth": 0.857161888268263}}, "4hbz": {"vprod": 9.208237756522578, "vCarbonSources": -13.21, "yield": 0.5305106500419003, "misc": {}}}