{"13ppd": {"yield on minimal media at 1.0% exp. growth": 0.0, "yield on minimal media at 0.0% exp. growth": -0.375245983612941, "vCarbonSources": -13.21, "carbonSlack": 0.0, "vprod": 12.942806209100167, "yield": 0.4138133377393188}, "2phetoh": {"vCarbonSources": -13.21, "carbonSlack": 0.0, "vprod": 6.197867678449607, "yield": 0.31814109813693636}, "3hppa": {"yield on minimal media at 1.0% exp. growth": 0.789631292651871, "yield on minimal media at 0.0% exp. growth": -12005.88913781335, "vCarbonSources": -13.21, "carbonSlack": 0.0, "vprod": 20.370203277029894, "yield": 0.7710316258985055}, "3hppb": {"yield on minimal media at 1.0% exp. growth": 0.815270971035215, "yield on minimal media at 0.0% exp. growth": 0.570081067536221, "vCarbonSources": -13.21, "carbonSlack": 0.0, "vprod": 21.29202015170315, "yield": 0.8059232739588595}, "4hbz": {"vCarbonSources": -13.21, "carbonSlack": 0.0, "vprod": 6.428036038523279, "yield": 0.37033596084920817}, "arte": {"yield on minimal media at 1.0% exp. growth": 0.0, "yield on minimal media at 0.0% exp. growth": -1.063936487997512, "vCarbonSources": -13.21, "carbonSlack": 0.0, "vprod": 2.709753398171815, "yield": 0.26681246418534227}, "btd": {"yield on minimal media at 1.0% exp. growth": 0.0, "yield on minimal media at 0.0% exp. growth": 0.250116565643117, "vCarbonSources": -13.21, "carbonSlack": 0.0, "vprod": 12.44420281459279, "yield": 0.4712341060033707}, "btoh": {"vCarbonSources": -13.21, "carbonSlack": 0.0, "vprod": 10.821558002211988, "yield": 0.33703395282838006}, "citm": {"vCarbonSources": -13.21, "carbonSlack": 0.0, "vprod": 12.432717185812715, "yield": 0.763246325741863}, "cou": {"yield on minimal media at 1.0% exp. growth": "0.483439151750925", "yield on minimal media at 0.0% exp. growth": "UNDF", "vCarbonSources": -13.21, "carbonSlack": 0.0, "vprod": 6.187690384945952, "yield": 0.4241935928654633}, "hdca": {"vprod": "", "vCarbonSources": "", "yield": ""}, "hxdcol": {"vCarbonSources": -13.21, "carbonSlack": 0.0, "vprod": 2.552540263771115, "yield": 0.2600311211268802}, "ibutoh": {"vprod": "", "vCarbonSources": "", "yield": ""}, "lac__L": {"vCarbonSources": -13.21, "carbonSlack": 0.0, "vprod": 23.87682491306006, "yield": 0.8936274049101339}, "muco": {"vCarbonSources": -13.21, "carbonSlack": 0.0, "vprod": 7.768856620054541, "yield": 0.4573121008572958}, "nrgn": {"yield on minimal media at 1.0% exp. growth": 0.0, "yield on minimal media at 0.0% exp. growth": 0.0, "vCarbonSources": -13.21, "carbonSlack": 0.0, "vprod": 3.543042095819906, "yield": 0.4053149775817008}, "odealc": {"yield on minimal media at 1.0% exp. growth": 0.0, "yield on minimal media at 0.0% exp. growth": 0.0, "vCarbonSources": -0.332925, "carbonSlack": 0.0, "vprod": 0.093397594425598, "yield": 0.2200549484230092}, "pmtalc": {"yield on minimal media at 1.0% exp. growth": 0.081686601371844, "yield on minimal media at 0.0% exp. growth": 0.0, "vCarbonSources": -0.332925, "carbonSlack": 0.0, "vprod": 0.106654285308241, "yield": 0.2268996069955352}, "polyhb": {"vCarbonSources": -13.21, "carbonSlack": 0.0, "vprod": 12.30906955113299, "yield": 0.5332518154220969}, "retcln": {"yield on minimal media at 1.0% exp. growth": 0.37465353870278, "yield on minimal media at 0.0% exp. growth": 0.0, "vCarbonSources": -13.21, "carbonSlack": 0.0, "vprod": 2.422199587130679, "yield": 0.33526017883535575}, "rsvtol": {"vCarbonSources": -13.21, "carbonSlack": 0.0, "vprod": 3.543042095819759, "yield": 0.33979463905690926}, "sesqt": {"yield on minimal media at 1.0% exp. growth": 0.312391140419466, "yield on minimal media at 0.0% exp. growth": 0.0, "vCarbonSources": -13.21, "carbonSlack": 0.0, "vprod": 2.717681647928303, "yield": 0.281262249092565}, "skm": {"yield on minimal media at 1.0% exp. growth": 0.716489904389391, "yield on minimal media at 0.0% exp. growth": 0.0, "vCarbonSources": -13.21, "carbonSlack": 0.0, "vprod": 8.240041791200904, "yield": 0.6029778304919139}, "stalc": {"vCarbonSources": -0.332925, "carbonSlack": 0.0, "vprod": 0.094746620743447, "yield": 0.22489622062296932}, "styr": {"yield on minimal media at 1.0% exp. growth": "0.301857148070959", "yield on minimal media at 0.0% exp. growth": "UNDF", "vCarbonSources": -13.21, "carbonSlack": 0.0, "vprod": 6.205495038351317, "yield": 0.27157147977190466}, "tag": {"vCarbonSources": -2.201133727157571, "carbonSlack": 0.0, "vprod": 0.122312423094423, "yield": 0.2542500225015755}, "tal": {"vprod": "", "vCarbonSources": "", "yield": ""}}