{"13ppd": {"vCarbonSources": -13.21, "carbonSlack": 0.0, "vprod": 9.85312857716628, "yield": 0.31502874707534667}, "2phetoh": {"vCarbonSources": -13.21, "carbonSlack": 0.0, "vprod": 3.845522270196026, "yield": 0.19739348134264229}, "3hppa": {"vCarbonSources": -13.21, "carbonSlack": 0.0, "vprod": 11.488529045564635, "yield": 0.43485178369194266}, "3hppb": {"vCarbonSources": -13.21, "carbonSlack": 0.0, "vprod": 12.576625959005113, "yield": 0.4760372898400915}, "4hbz": {"vCarbonSources": -13.21, "carbonSlack": 0.0, "vprod": 5.187073342235507, "yield": 0.2988408556952343}, "arte": {"vCarbonSources": -13.21, "carbonSlack": 0.0, "vprod": 1.126207010035423, "yield": 0.11089055842981363}, "btd": {"vCarbonSources": -13.21, "carbonSlack": 0.0, "vprod": 7.548174307573895, "yield": 0.28583246550884744}, "btoh": {"vCarbonSources": -13.21, "carbonSlack": 0.0, "vprod": 6.523270009508402, "yield": 0.20316515202543312}, "citm": {"vCarbonSources": -13.21, "carbonSlack": 0.0, "vprod": 8.150747795800322, "yield": 0.500375598850761}, "cou": {"vCarbonSources": -13.21, "carbonSlack": 0.0, "vprod": 3.955296009500714, "yield": 0.2711530669340678}, "hdca": {"vCarbonSources": -13.21, "carbonSlack": 0.0, "vprod": 1.556852275519342, "yield": 0.16773120938519076}, "hxdcol": {"vCarbonSources": -13.21, "carbonSlack": 0.0, "vprod": 1.506589420119341, "yield": 0.15347853334651942}, "ibutoh": {"vCarbonSources": -13.21, "carbonSlack": 0.0, "vprod": 6.855907752974317, "yield": 0.21352504784794904}, "lac__L": {"vCarbonSources": -13.21, "carbonSlack": 0.0, "vprod": 13.261809852433503, "yield": 0.4963439136482304}, "muco": {"vCarbonSources": -13.21, "carbonSlack": 0.0, "vprod": 4.764001369341877, "yield": 0.2804319324257876}, "nrgn": {"vCarbonSources": -13.21, "carbonSlack": 0.0, "vprod": 2.269518181130804, "yield": 0.2596270904575364}, "odealc": {"vprod": "", "vCarbonSources": "", "yield": ""}, "pmtalc": {"vprod": "", "vCarbonSources": "", "yield": ""}, "polyhb": {"vCarbonSources": -13.21, "carbonSlack": 0.0, "vprod": 8.20628588711994, "yield": 0.35551158672075656}, "retcln": {"vCarbonSources": -13.21, "carbonSlack": 0.0, "vprod": 1.385263643793736, "yield": 0.1917363620322294}, "rsvtol": {"vCarbonSources": -13.21, "carbonSlack": 0.0, "vprod": 2.269518180601756, "yield": 0.21765762024688567}, "sesqt": {"vCarbonSources": -13.21, "carbonSlack": 0.0, "vprod": 1.666255118235443, "yield": 0.17244649036584378}, "skm": {"vCarbonSources": -13.21, "carbonSlack": 0.0, "vprod": 5.413922744871283, "yield": 0.39617218867011955}, "stalc": {"vprod": "", "vCarbonSources": "", "yield": ""}, "styr": {"vCarbonSources": -13.21, "carbonSlack": 0.0, "vprod": 3.820885493315673, "yield": 0.1672136583859752}, "tag": {"vprod": "", "vCarbonSources": "", "yield": ""}, "tal": {"vCarbonSources": -13.21, "carbonSlack": 0.0, "vprod": 5.840663603323073, "yield": 0.3094997543644599}}