{"odealc": {"vprod": 0.0, "vCarbonSources": -0.332925, "yield": 0.0}, "cou": {"vprod": 7.131849838836236, "vCarbonSources": -13.21, "yield": 0.4889199068966253, "misc": {}}, "nrgn": {"vprod": 4.156297818389784, "vCarbonSources": -13.21, "yield": 0.47546986784916717, "misc": {}}, "hdca": {"vprod": 2.7931598602711563, "vCarbonSources": -13.21, "yield": 0.3009277686369871, "misc": {}}, "3hpp": {"vprod": 0.0, "vCarbonSources": -13.21, "yield": 0.0}, "btoh": {"vprod": 11.121793120992086, "vCarbonSources": -13.21, "yield": 0.3463846792986046, "misc": {}}, "3hppa": {"vprod": 21.375752319099682, "vCarbonSources": -13.21, "yield": 0.809092616369917, "misc": {}}, "arte": {"vprod": 2.8037572147545617, "vCarbonSources": -13.21, "yield": 0.2760684318915517, "misc": {}}, "polyhb": {"vprod": 14.65419847371714, "vCarbonSources": -13.21, "yield": 0.6348471675461539, "misc": {}}, "2phetoh": {"vprod": 6.838913436391974, "vCarbonSources": -13.21, "yield": 0.3510464475197463, "misc": {}}, "styr": {"vprod": 6.792237941748743, "vCarbonSources": -13.21, "yield": 0.2972491473127746, "misc": {}}, "hxdcol": {"vprod": 2.685842191704124, "vCarbonSources": -13.21, "yield": 0.2736107892953989, "misc": {}}, "rsvtol": {"vprod": 4.156297818389828, "vCarbonSources": -13.21, "yield": 0.39860878838528957, "misc": {}}, "tag": {"vprod": 0.0, "vCarbonSources": -2.20113372715757, "yield": 0.0}, "btd": {"vprod": 13.140841392896453, "vCarbonSources": -13.21, "yield": 0.4976142496369529, "misc": {}}, "3hppb": {"vprod": 21.39643972764025, "vCarbonSources": -13.21, "yield": 0.8098756545176339, "misc": {}}, "4hbz": {"vprod": 9.2792628798242, "vCarbonSources": -13.21, "yield": 0.5346025930746874, "misc": {}}, "retcln": {"vprod": 2.6780004088565814, "vCarbonSources": -13.21, "yield": 0.37066594378292866, "misc": {}}, "pmtalc": {"vprod": 0.0, "vCarbonSources": -0.332925, "yield": 0.0}, "tal": {"vprod": 10.47152239113798, "vCarbonSources": -13.21, "yield": 0.5548913322169765, "misc": {}}, "skm": {"vprod": 9.821173083203362, "vCarbonSources": -13.21, "yield": 0.7186795636060093, "misc": {}}, "muco": {"vprod": 10.55289700370042, "vCarbonSources": -13.21, "yield": 0.6211940488688051, "misc": {}}, "lac__L": {"vprod": 24.801444172664286, "vCarbonSources": -13.21, "yield": 0.9282327225140719, "misc": {}}, "citm": {"vprod": 15.045434193210559, "vCarbonSources": -13.21, "yield": 0.9236414048139786, "misc": {}}, "13ppd": {"vprod": 17.548813010979188, "vCarbonSources": -13.21, "yield": 0.5610787002536259, "misc": {}}, "ibutoh": {"vprod": 12.186591051274812, "vCarbonSources": -13.21, "yield": 0.37954746928996347, "misc": {}}, "stalc": {"vprod": 0.0, "vCarbonSources": -0.332925, "yield": 0.0}, "sesqt": {"vprod": 2.9832364828270976, "vCarbonSources": -13.21, "yield": 0.308745435056593, "misc": {}}}