{"skm": {"vprod": 9.73581729138432, "vCarbonSources": -13.21, "yield": 0.7124335212344858, "misc": {}}, "nrgn": {"vprod": 4.097355662836801, "vCarbonSources": -13.21, "yield": 0.46872703561334367, "misc": {}}, "sesqt": {"vprod": 3.014736625472583, "vCarbonSources": -13.21, "yield": 0.3120054934868951, "misc": {}}, "rsvtol": {"vprod": 4.0973556628368035, "vCarbonSources": -13.21, "yield": 0.3929559544844431, "misc": {}}, "tal": {"vprod": 0.007879922381677961, "vCarbonSources": -0.078476895921783, "yield": 0.07450530731003109}, "btd": {"vprod": 13.24482919736128, "vCarbonSources": -13.21, "yield": 0.5015520350300657, "misc": {}}, "2phetoh": {"vprod": 6.9153377076676135, "vCarbonSources": -13.21, "yield": 0.35496936147166674, "misc": {}}, "3hpp": {"vprod": 0.0, "vCarbonSources": -13.21, "yield": 0.0}, "tag": {"vprod": 0.12242826594662462, "vCarbonSources": -2.20113372715757, "yield": 0.25449082426997954, "misc": {}}, "3hppb": {"vprod": 21.389648502006207, "vCarbonSources": -13.21, "yield": 0.8096186001489932, "misc": {}}, "ibutoh": {"vprod": 12.322661285303218, "vCarbonSources": -13.21, "yield": 0.38378533308254326, "misc": {}}, "muco": {"vprod": 10.445891655384969, "vCarbonSources": -13.21, "yield": 0.6148952016851945, "misc": {}}, "odealc": {"vprod": 0.09331826696012777, "vCarbonSources": -0.332925, "yield": 0.21986804423741493, "misc": {}}, "cou": {"vprod": 7.1110865122832365, "vCarbonSources": -13.21, "yield": 0.4874964888613946, "misc": {}}, "stalc": {"vprod": 0.09466549891816615, "vCarbonSources": -0.332925, "yield": 0.22470366502813602, "misc": {}}, "4hbz": {"vprod": 9.208237756522395, "vCarbonSources": -13.21, "yield": 0.5305106500418897, "misc": {}}, "13ppd": {"vprod": 17.750204996025584, "vCarbonSources": -13.21, "yield": 0.5675176971898082, "misc": {}}, "lac__L": {"vprod": 23.87057322405863, "vCarbonSources": -13.21, "yield": 0.8933934257006289, "misc": {}}, "polyhb": {"vprod": 14.808932885465833, "vCarbonSources": -13.21, "yield": 0.6415505504160366, "misc": {}}, "retcln": {"vprod": 2.6909507474652696, "vCarbonSources": -13.21, "yield": 0.37245841904425525, "misc": {}}, "citm": {"vprod": 14.748604170579004, "vCarbonSources": -13.21, "yield": 0.9054189663270855, "misc": {}}, "hdca": {"vprod": 2.8074937210362343, "vCarbonSources": -13.21, "yield": 0.30247206146366745, "misc": {}}, "pmtalc": {"vprod": 0.10656278805630999, "vCarbonSources": -0.332925, "yield": 0.2267049529275405, "misc": {}}, "arte": {"vprod": 2.8333622268670564, "vCarbonSources": -13.21, "yield": 0.2789834522174975, "misc": {}}, "hxdcol": {"vprod": 2.7142021332136332, "vCarbonSources": -13.21, "yield": 0.27649985925072074, "misc": {}}, "btoh": {"vprod": 11.22803133518382, "vCarbonSources": -13.21, "yield": 0.34969343440236594, "misc": {}}, "styr": {"vprod": 6.857119136844593, "vCarbonSources": -13.21, "yield": 0.30008854724020256, "misc": {}}, "3hppa": {"vprod": 20.743743378592807, "vCarbonSources": -13.21, "yield": 0.785170475075878, "misc": {}}}