{"13ppd": {"vCarbonSources": -13.21, "carbonSlack": 0.0, "vprod": 16.87717292821509, "yield": 0.5396047154069157}, "2phetoh": {"vCarbonSources": -13.21, "carbonSlack": 0.0, "vprod": 6.34237486254143, "yield": 0.32555875798719464}, "3hppa": {"vCarbonSources": -13.21, "carbonSlack": 0.0, "vprod": 18.0188214911488, "yield": 0.6820295822360144}, "3hppb": {"vCarbonSources": -13.21, "carbonSlack": 0.0, "vprod": 21.291797668422753, "yield": 0.8059148527544617}, "4hbz": {"vCarbonSources": -13.21, "carbonSlack": 0.0, "vprod": 7.425600832730213, "yield": 0.42780827655465004}, "arte": {"vCarbonSources": -13.21, "carbonSlack": 0.0, "vprod": 2.709825773822371, "yield": 0.26681959056285137}, "btd": {"vCarbonSources": -13.21, "carbonSlack": 0.0, "vprod": 12.457675597644, "yield": 0.47174429014060354}, "btoh": {"vCarbonSources": -13.21, "carbonSlack": 0.0, "vprod": 10.81181160798536, "yield": 0.33673040450646996}, "citm": {"vCarbonSources": -13.21, "carbonSlack": 0.0, "vprod": 12.43507370606389, "yield": 0.7633909928646136}, "cou": {"vCarbonSources": -13.21, "carbonSlack": 0.0, "vprod": 6.365210733474172, "yield": 0.4363633993302664}, "hdca": {"vCarbonSources": -13.21, "carbonSlack": 0.0, "vprod": 2.104932326554174, "yield": 0.22677992662414848}, "hxdcol": {"vCarbonSources": -13.21, "carbonSlack": 0.0, "vprod": 2.254267354359782, "yield": 0.22964561060748173}, "ibutoh": {"vCarbonSources": -8.073162564024837, "carbonSlack": 0.0, "vprod": 4.070462401219695, "yield": 0.20743724212008638}, "lac__L": {"vCarbonSources": -13.21, "carbonSlack": 0.0, "vprod": 23.87676708004519, "yield": 0.8936252404193702}, "muco": {"vCarbonSources": -13.21, "carbonSlack": 0.0, "vprod": 8.467285466651143, "yield": 0.49842496710738593}, "nrgn": {"vCarbonSources": -13.21, "carbonSlack": 0.0, "vprod": 3.607513493765969, "yield": 0.4126903410423831}, "odealc": {"vCarbonSources": -0.332925, "carbonSlack": 0.0, "vprod": 0.075888249039582, "yield": 0.17880101549746924}, "pmtalc": {"vCarbonSources": -0.332925, "carbonSlack": 0.0, "vprod": 0.085642880186784, "yield": 0.1821992974795687}, "polyhb": {"vCarbonSources": -13.21, "carbonSlack": 0.0, "vprod": 12.312173858844954, "yield": 0.5333862998131516}, "retcln": {"vCarbonSources": -13.21, "carbonSlack": 0.0, "vprod": 2.422596157665796, "yield": 0.3353150687417163}, "rsvtol": {"vCarbonSources": -13.21, "carbonSlack": 0.0, "vprod": 3.607513493765973, "yield": 0.34597775368049083}, "sesqt": {"vCarbonSources": -13.21, "carbonSlack": 0.0, "vprod": 2.718501236890446, "yield": 0.2813470711816421}, "skm": {"vCarbonSources": -13.21, "carbonSlack": 0.0, "vprod": 8.492658268391928, "yield": 0.621463432776821}, "stalc": {"vCarbonSources": -0.332925, "carbonSlack": 0.0, "vprod": 0.07610693580229, "yield": 0.18065195455864091}, "styr": {"vCarbonSources": -13.21, "carbonSlack": 0.0, "vprod": 6.320270466549986, "yield": 0.27659440424202847}, "tag": {"vCarbonSources": -2.201133727157571, "carbonSlack": 0.0, "vprod": 0.119602973240655, "yield": 0.248617907064245}, "tal": {"vprod": "", "vCarbonSources": "", "yield": ""}}