{"skm": {"vprod": 9.735817291384295, "vCarbonSources": -13.21, "yield": 0.7124335212344839}, "13ppd": {"vprod": 17.750204996025566, "vCarbonSources": -13.21, "yield": 0.5675176971898076}, "arte": {"vprod": 2.8333622268668974, "vCarbonSources": -13.21, "yield": 0.2789834522174819}, "stalc": {"vprod": 0.09466549891816535, "vCarbonSources": -0.66585, "yield": 0.11235183251406707}, "cou": {"vprod": 7.1110865122832925, "vCarbonSources": -13.21, "yield": 0.4874964888613984}, "sesqt": {"vprod": 3.0147366254725716, "vCarbonSources": -13.21, "yield": 0.31200549348689394}, "odealc": {"vprod": 0.09331826696012117, "vCarbonSources": -0.66585, "yield": 0.10993402211869972}, "hxdcol": {"vprod": 2.714202133213635, "vCarbonSources": -13.21, "yield": 0.2764998592507209}, "2phetoh": {"vprod": 6.915337707667575, "vCarbonSources": -13.21, "yield": 0.3549693614716648}, "pmtalc": {"vprod": 0.10656278805630935, "vCarbonSources": -0.66585, "yield": 0.11335247646376959}, "hdca": {"vprod": 2.807493721036228, "vCarbonSources": -13.21, "yield": 0.3024720614636668}, "tal": {"vprod": 0.007879922381677935, "vCarbonSources": -0.1303012611531491, "yield": 0.043826639338409204}, "citm": {"vprod": 14.748604170579172, "vCarbonSources": -13.21, "yield": 0.9054189663270958}, "btoh": {"vprod": 11.228031335184156, "vCarbonSources": -13.21, "yield": 0.3496934344023764}, "lac__L": {"vprod": 23.870573224058766, "vCarbonSources": -13.21, "yield": 0.893393425700634}, "3hppa": {"vprod": 20.74374337859224, "vCarbonSources": -13.21, "yield": 0.7851704750758565}, "tag": {"vprod": 0.12242826594662441, "vCarbonSources": -4.40226745431514, "yield": 0.12724536975656603}, "styr": {"vprod": 6.857119136844563, "vCarbonSources": -13.21, "yield": 0.3000885472402013}, "3hppb": {"vprod": 21.38964850200623, "vCarbonSources": -13.21, "yield": 0.8096186001489941}, "retcln": {"vprod": 2.69095074746529, "vCarbonSources": -13.21, "yield": 0.3724584190442581}, "polyhb": {"vprod": 14.808932885465884, "vCarbonSources": -13.21, "yield": 0.6415505504160388}, "3hpp": {"vprod": 0.0, "vCarbonSources": -13.21, "yield": 0.0}, "rsvtol": {"vprod": 4.097355662836824, "vCarbonSources": -13.21, "yield": 0.39295595448444504}, "btd": {"vprod": 13.244829197361206, "vCarbonSources": -13.21, "yield": 0.5015520350300628}, "muco": {"vprod": 10.44589165538492, "vCarbonSources": -13.21, "yield": 0.6148952016851916}, "ibutoh": {"vprod": 12.322661285303225, "vCarbonSources": -13.21, "yield": 0.3837853330825435}, "nrgn": {"vprod": 4.0973556628368035, "vCarbonSources": -13.21, "yield": 0.46872703561334395}, "4hbz": {"vprod": 9.20823775652253, "vCarbonSources": -13.21, "yield": 0.5305106500418976}}