{"13ppd": {"vCarbonSources": -9.402907766364988, "carbonSlack": 0.0, "vprod": 8.694441872874824, "yield": 0.3905335827634702}, "2phetoh": {"vCarbonSources": -6.958269930356209, "carbonSlack": 0.0, "vprod": 1.822755404668496, "yield": 0.1776263598760415}, "3hppa": {"vCarbonSources": -9.639559980218074, "carbonSlack": 0.0, "vprod": 9.52767801080409, "yield": 0.4942077010360296}, "3hppb": {"vCarbonSources": -13.21, "carbonSlack": 0.0, "vprod": 12.693184025422292, "yield": 0.4804491238428756}, "4hbz": {"vCarbonSources": -6.721838910009729, "carbonSlack": 0.0, "vprod": 2.362926730527614, "yield": 0.26753620058304173}, "arte": {"vCarbonSources": -9.793642363667272, "carbonSlack": 0.0, "vprod": 1.393086244642699, "yield": 0.18501754974445872}, "btd": {"vCarbonSources": -13.21, "carbonSlack": 0.0, "vprod": 11.547245600400668, "yield": 0.4372683440135835}, "btoh": {"vCarbonSources": -13.21, "carbonSlack": 0.0, "vprod": 8.622534106786578, "yield": 0.2685460589698622}, "citm": {"vCarbonSources": -13.21, "carbonSlack": 0.0, "vprod": 11.576712384355524, "yield": 0.7106960658296421}, "cou": {"vCarbonSources": -6.685428313711157, "carbonSlack": 0.0, "vprod": 1.741398236137001, "yield": 0.2358887404170429}, "hdca": {"vCarbonSources": -9.07661896612092, "carbonSlack": 0.0, "vprod": 1.167493704295615, "yield": 0.1830626450939672}, "hxdcol": {"vCarbonSources": -9.313423149393085, "carbonSlack": 0.0, "vprod": 1.16715973085055, "yield": 0.16864617850172303}, "ibutoh": {"vCarbonSources": -9.510839386699972, "carbonSlack": 0.0, "vprod": 4.194013568124605, "yield": 0.181425222131626}, "lac__L": {"vCarbonSources": -13.21, "carbonSlack": 0.0, "vprod": 20.58923088290358, "yield": 0.7705840717925958}, "muco": {"vCarbonSources": -10.116856684140197, "carbonSlack": 0.0, "vprod": 5.649132693915459, "yield": 0.43420476281952636}, "nrgn": {"vCarbonSources": -7.388291228306738, "carbonSlack": 0.0, "vprod": 1.26290488818905, "yield": 0.258312722126794}, "odealc": {"vprod": "", "vCarbonSources": "", "yield": ""}, "pmtalc": {"vprod": "", "vCarbonSources": "", "yield": ""}, "polyhb": {"vCarbonSources": -13.21, "carbonSlack": 0.0, "vprod": 11.941240146590644, "yield": 0.5173167606299351}, "retcln": {"vCarbonSources": -4.419950247866787, "carbonSlack": 0.0, "vprod": 0.2149138915153, "yield": 0.08890413718598253}, "rsvtol": {"vCarbonSources": -7.388291228107312, "carbonSlack": 0.0, "vprod": 1.262904888122783, "yield": 0.21655572340392015}, "sesqt": {"vCarbonSources": -9.90171051983393, "carbonSlack": 0.0, "vprod": 1.442672522254308, "yield": 0.19919260712293832}, "skm": {"vCarbonSources": -8.057526105279923, "carbonSlack": 0.0, "vprod": 3.538158618210491, "yield": 0.42447324915640494}, "stalc": {"vprod": "", "vCarbonSources": "", "yield": ""}, "styr": {"vCarbonSources": -6.813712076313924, "carbonSlack": 0.0, "vprod": 1.766432976381613, "yield": 0.14987318249509862}, "tag": {"vprod": "", "vCarbonSources": "", "yield": ""}, "tal": {"vprod": "", "vCarbonSources": "", "yield": ""}}