{"2phetoh": {"vprod": 6.9153377076676, "vCarbonSources": -13.21, "yield": 0.3549693614716661, "misc": {}}, "polyhb": {"vprod": 14.80893288546584, "vCarbonSources": -13.21, "yield": 0.6415505504160369, "misc": {}}, "3hppa": {"vprod": 20.743743378592203, "vCarbonSources": -13.21, "yield": 0.7851704750758551, "misc": {}}, "nrgn": {"vprod": 4.097355662836785, "vCarbonSources": -13.21, "yield": 0.46872703561334184, "misc": {}}, "muco": {"vprod": 10.44589165538493, "vCarbonSources": -13.21, "yield": 0.6148952016851922, "misc": {}}, "rsvtol": {"vprod": 4.097355662836792, "vCarbonSources": -13.21, "yield": 0.3929559544844419, "misc": {}}, "13ppd": {"vprod": 17.750204996025563, "vCarbonSources": -13.21, "yield": 0.5675176971898075, "misc": {}}, "btoh": {"vprod": 11.228031335183973, "vCarbonSources": -13.21, "yield": 0.3496934344023707, "misc": {}}, "citm": {"vprod": 14.74860417057921, "vCarbonSources": -13.21, "yield": 0.9054189663270982, "misc": {}}, "lac__L": {"vprod": 23.870573224058756, "vCarbonSources": -13.21, "yield": 0.8933934257006336, "misc": {}}, "btd": {"vprod": 13.24482919736113, "vCarbonSources": -13.21, "yield": 0.50155203503006, "misc": {}}, "hxdcol": {"vprod": 2.714202133213628, "vCarbonSources": -13.21, "yield": 0.2764998592507201, "misc": {}}, "4hbz": {"vprod": 9.208237756522538, "vCarbonSources": -13.21, "yield": 0.5305106500418979, "misc": {}}, "skm": {"vprod": 9.735817291384304, "vCarbonSources": -13.21, "yield": 0.7124335212344846, "misc": {}}, "3hppb": {"vprod": 21.389648502006303, "vCarbonSources": -13.21, "yield": 0.8096186001489969, "misc": {}}, "odealc": {"vprod": 0.09331826696012717, "vCarbonSources": -0.332925, "yield": 0.21986804423741355}, "cou": {"vprod": 7.111086512283314, "vCarbonSources": -13.21, "yield": 0.48749648886139996, "misc": {}}, "sesqt": {"vprod": 3.0147366254725703, "vCarbonSources": -13.21, "yield": 0.31200549348689377, "misc": {}}, "tag": {"vprod": 0.12242826594662676, "vCarbonSources": -2.20113372715757, "yield": 0.254490824269984}, "tal": {"vprod": 0.0, "vCarbonSources": -0.078476895921783, "yield": 0.0}, "pmtalc": {"vprod": 0.10656278805630953, "vCarbonSources": -0.332925, "yield": 0.22670495292753953}, "3hpp": {"vprod": 0.0, "vCarbonSources": -3.5293143880674935, "yield": 0.0}, "styr": {"vprod": 6.85711913684457, "vCarbonSources": -13.21, "yield": 0.30008854724020156, "misc": {}}, "retcln": {"vprod": 2.6909507474652936, "vCarbonSources": -13.21, "yield": 0.3724584190442586, "misc": {}}, "ibutoh": {"vprod": 12.322661285303186, "vCarbonSources": -13.21, "yield": 0.38378533308254226, "misc": {}}, "arte": {"vprod": 2.833362226866908, "vCarbonSources": -13.21, "yield": 0.27898345221748294, "misc": {}}, "stalc": {"vprod": 0.09466549891816452, "vCarbonSources": -0.332925, "yield": 0.2247036650281321}, "hdca": {"vprod": 2.807493721036216, "vCarbonSources": -13.21, "yield": 0.3024720614636655, "misc": {}}}