{
"alatrna_c": -0.4351462019644826,
"argtrna_c": -0.2428441370267599,
"asntrna_c": -0.13606871531714124,
"asptrna_c": -0.2295324563558188,
"cystrna_c": -0.039463699255588146,
"glntrna_c": -0.15797045895063552,
"glutrna_c": -0.27498437447616964,
"glytrna_c": -0.3320964275847399,
"histrna_c": -0.08579714901607449,
"iletrna_c": -0.1982581902852649,
"leutrna_c": -0.36917968105241755,
"lystrna_c": -0.270051773949777,
"mettrna_c": -0.08469118369186378,
"phetrna_c": -0.1542907829651602,
"protrna_c": -0.23050566355728036,
"sertrna_c": -0.29514343636449825,
"thrtrna_c": -0.2369980766474106,
"trnaala_c": 0.4351462019644826,
"trnaarg_c": 0.2428441370267599,
"trnaasn_c": 0.13606871531714124,
"trnaasp_c": 0.2295324563558188,
"trnacys_c": 0.039463699255588146,
"trnagln_c": 0.15797045895063552,
"trnaglu_c": 0.27498437447616964,
"trnagly_c": 0.3320964275847399,
"trnahis_c": 0.08579714901607449,
"trnaile_c": 0.1982581902852649,
"trnaleu_c": 0.36917968105241755,
"trnalys_c": 0.270051773949777,
"trnamet_c": 0.08469118369186378,
"trnaphe_c": 0.1542907829651602,
"trnapro_c": 0.23050566355728036,
"trnaser_c": 0.29514343636449825,
"trnathr_c": 0.2369980766474106,
"trnatrp_c": 0.04278725187379853,
"trnatyr_c": 0.11581236134217048,
"trnaval_c": 0.31135087407860124,
"trptrna_c": -0.04278725187379853,
"tyrtrna_c": -0.11581236134217048,
"valtrna_c": -0.31135087407860124
}