{
"A": 0.1653555567465034,
"C": 0.014996205717123495,
"D": 0.08722233341521114,
"E": 0.10449406230094446,
"F": 0.058630497526760875,
"G": 0.12619664248220117,
"H": 0.03260291662610831,
"I": 0.07533811230840066,
"K": 0.10261967410091524,
"L": 0.14028827879991868,
"M": 0.032182649802908234,
"N": 0.05170611182051367,
"P": 0.08759215215176654,
"Q": 0.0600287744012415,
"R": 0.09228077207016876,
"S": 0.11215450581850935,
"T": 0.09005926912601603,
"V": 0.11831333214986847,
"W": 0.016259155712043442,
"Y": 0.04400869731002478
}